{"110": [0.2222363081148187, -0.6887277679577025], "196": [0.1432006418578561, -0.6974763617475835]}